Liam,Johnson,1023,A
Olivia,Martinez,8745,B
Noah,Anderson,5690,C
Emma,Thomas,2341,A
Oliver,Taylor,998,D
Ava,Moore,7452,B
Elijah,Jackson,1833,F
Sophia,White,6201,A
William,Harris,4102,C
Isabella,Martin,905,B
James,Thompson,3320,D
Mia,Garcia,7812,A
Benjamin,Clark,2999,B
Charlotte,Lewis,6540,C
Lucas,Lee,4875,F
Amelia,Walker,7103,B
Henry,Hall,1500,A
Harper,Allen,8892,C
Alexander,Young,2684,D
Evelyn,Hernandez,9301,A
Michael,King,5210,B
Abigail,Wright,602,C
Daniel,Lopez,3478,F
Emily,Hill,7999,A
Matthew,Scott,412,B
Ella,Green,2233,C
Joseph,Adams,6781,D
Scarlett,Baker,5409,A
David,Gonzalez,8310,B
